EXISTING_ADDRESS_LINE_1,EXISTING_ADDRESS_LINE_2
1234-F FLOWER ST,BLDG 30
6514 RED ST STE 44,
3487 LION AVE FL 84,
39484 DISCO DR 54TH FLR,
17TH STREET STE 3 BLDG F,
987 FIRST ST STE D-288,FLOOR 2
PMB 113 19TH AVE,STE B
PMB# 7 PRETTY PLAZA,
THE SEWING COMPANY & CO,1111 BLU RD
12-1134 HAWAII HILL,APT 33
8377 EAGLES AVE ,UNIT #BIRDS
PO BOX 484,
PIER 30 BAY 4,
PIER 100 BOX 8,
,PO BOX 99-K
,PO BOX 726
,1627 FAIRY LN STE 49
,4837 BUTTER ST
8563 TINY CT,
660-A 45TH ST,
71ST AVENUE #D800,
123 MOUNT ST,APARTMENT 8
44 STERN RD PENTHOUSE 900,
44 STERN RD PH 800,
684 PMB # 84 VIEW COURT,FLOOR FIFTY
ONE TREE RD BOX 4,
FLOOR 6,9925 BLANKET AVE
250 S ST,100
THE BANK,82ND STREET # 1
"4TH ST,  LOT A",SPE 22
7 BRONCO BLVD . STE. B2,
4444 CHERRY LN ,STE 1 BLD A
87 STEWART PLAZA/,ROOM 3
801 COUNTRY RD 56,
S899E4363 12 BELLA BLVD BLDG A234,
78661 ABBY AVE. #B,
44 CONNOR CT,M-402
E 42ND ST E-24,
6672 DEWEY DRIVE 5TH FL,
M.S. F-1233,S 13TH AVE 
M/S 100C,
1588 COZY COURT,#99
#4,22 LAZY LN BLD 400
PMB #10 400 S SALT ST,PH 644
TWO NICE LN .SHED P-3,
4545 PRALINE PLACE,45TH FLR UNIT 4530
S 66TH AVENUE,# 120
"8756 CRAZY /CIR ., ",
PRIVATE MAIL BOX 80 47 PRINCESS PL,M86
,"9449 SLINKY STREET PMB 13 ,UNIT 1"
7353 N DOG DRIVE LOT 40.,
3 PHONE RD,PMB #227
N550S7448 PO BOX 484,
S7448 W30 7TH STREET UNIT 10,
W886E90 G.REEN LN BLDG D400 RM 1,
888 MAGIC ROAD ,ROOM 62
45558 CLACK /DRIVE MS 9283,
77 PHOTO PL APARTMENT 9,
PMB # 37 SPICE ST BLDG 120,
